{
  "position_offset": {
    "x": 0.023418968890551985,
    "y": 0.020071838068323987,
    "z": 0.014259998735506985
  },
  "position_scale": {
    "x": 5.0,
    "y": 5.0,
    "z": 5.0
  },
  "rotation_offset": {
    "x": 0.0,
    "y": 0.0,
    "z": 0.0
  }
}